bagging,AdaBoost,GBM,XGBoost,LightGBM,CatBoost
0.8381694653366357,0.83221490453535,0.834558060364512,0.8331885137371732,0.8361916640681841,0.834587869362364
0.8704075131551005,0.9452087118620072,0.9486774109818542,0.9503055758748437,0.9491729394275467,0.9497156610585431
0.853984349678196,0.8851202050556832,0.8879661634622817,0.8879016700655901,0.8891074665134168,0.8884375965741027
102.2303,9.3809,36.8914,4.3323,2.6821,9.3725
